sample_id	protein_accession	isoform	gene_name	organism	taxon_id	region_start	region_end	region_sequence	idr_start	idr_end	idr_source	label	label_source	evidence_grade_max	evidence_count	source_dbs	pmids	construct_context	idr_length_bin	taxon_group
SMP_c8ac38f240f75862	P35637	canonical	FUS	Homo sapiens		1	526	MASNDYTQQATQSYGAYPTQPGQGYSQQSSQPYGQQSYSGYSQSTDTSGYGQSSYSSYGQSQNTGYGTQSTPQGYGSTGGYGSSQSSQSSYGQQSSYPGYGQQPAPSSTSGSYGSSSQSSSYGQPQSGSYSQQPSYGGQQQSYGQQQSYNPPQGYGQQNQYNSSSGGGGGGGGGGNYGQDQSSMSSGGGSGGGYGNQDQSGGGGSGGYGQQDRGGRGRGGSGGGGGGGGGGYNRSSGGYEPRGRGGGRGGRGGMGGSDRGGFNKFGGPRDQGSRHDSEQDNSDNNTIFVQGLGENVTIESVADYFKQIGIIKTNKKTGQPMINLYTDRETGKLKGEATVSFDDPPSAKAAIDWFDGKEFSGNPIKVSFATRRADFNRGGGNGRGGRGRGGPMGRGGYGGGGSGGGGRGGFPSGGGGGGGQQRAGDWKCPNPTCENMNFSWRNECNQCKAPKPDGPGGGPGGSHMGGNYGDDRRGGRGGYDRGGYRGRGGDRGGFRGGRGGGDRGGFGPGKMDSRGEHRQDRRERPY	1	507	disprot	idr_pos	experimental	B	1	drllps	28657719	full_length	long	unknown
SMP_4716503617ace23a	P09651	canonical	HNRNPA1	Homo sapiens		1	372	MSKSESPKEPEQLRKLFIGGLSFETTDESLRSHFEQWGTLTDCVVMRDPNTKRSRGFGFVTYATVEEVDAAMNARPHKVDGRVVEPKRAVSREDSQRPGAHLTVKKIFVGGIKEDTEEHHLRDYFEQYGKIEVIEIMTDRGSGKKRGFAFVTFDDHDSVDKIVIQKYHTVNGHNCEVRKALSKQEMASASSSQRGRSGSGNFGGGRGGGFGGNDNFGRGGNFSGRGGFGGSRGGGGYGGSGDGYNGFGNDGGYGGGGPGYSGGSRGYGSGGQGYGNQGSGYGGSGSYDSYNNGGGGGFGGGSGSNFGGGGSYNDFGNYNNQSSNFGPMKGGNFGGRSSGPYGGGGQYFAKPRNQGGYGGSSSSSSYGSGRRF	92	102	disprot	idr_pos	experimental	B	1	drllps	26412307	full_length	long	unknown
SMP_30128827fb51cc4b	P10636	canonical	MAPT	Homo sapiens		1	776	MAEPRQEFEVMEDHAGTYGLGDRKDQGGYTMHQDQEGDTDAGLKESPLQTPTEDGSEEPGSETSDAKSTPTAEDVTAPLVDEGAPGKQAAAQPHTEIPEGTTAEEAGIGDTPSLEDEAAGHVTQEPESGKVVQEGFLREPGPPGLSHQLMSGMPGAPLLPEGPREATRQPSGTGPEDTEGGRHAPELLKHQLLGDLHQEGPPLKGAGGKERPGSKEEVDEDRDVDESSPQDSPPSKASPAQDGRPPQTAAREATSIPGFPAEGAIPLPVDFLSKVSTEIPASEPDGPSVGRAKGQDAPLEFTFHVEITPNVQKEQAHSEEHLGRAAFPGAPGEGPEARGPSLGEDTKEADLPEPSEKQPAAAPRGKPVSRVPQLKARMVSKSKDGTGSDDKKAKTSTRSSAKTLKNRPCLSPKHPTPGSSDPLIQPSSPAVCPEPPSSPKYVSSVTSRTGSSGAKEMKLKGADGKTKIATPRGAAPPGQKGQANATRIPAKTPPAPKTPPSSATKQVQRRPPPAGPRSERGEPPKSGDRSGYSSPGSPGTPGSRSRTPSLPTPPTREPKKVAVVRTPPKSPSSAKSRLQTAPVPMPDLKNVKSKIGSTENLKHQPGGGKVQIINKKLDLSNVQSKCGSKDNIKHVPGGGSVQIVYKPVDLSKVTSKCGSLGNIHHKPGGGQVEVKSEKLDFKDRVQSKIGSLDNITHVPGGGNKKIETHKLTFRENAKAKTDHGAEIVYKSPVVSGDTSPRHLSNVSSTGSIDMVDSPQLATLADEVSASLAKQGL	1	441	disprot	idr_pos	experimental	B	1	drllps	28819146	full_length	long	unknown
SMP_9f2c7744072111fb	Q13148	canonical	TARDBP	Homo sapiens		1	414	MSEYIRVTEDENDEPIEIPSEDDGTVLLSTVTAQFPGACGLRYRNPVSQCMRGVRLVEGILHAPDAGWGNLVYVVNYPKDNKRKMDETDASSAVKVKRAVQKTSDLIVLGLPWKTTEQDLKEYFSTFGEVLMVQVKKDLKTGHSKGFGFVRFTEYETQVKVMSQRHMIDGRWCDCKLPNSKQSQDEPLRSRKVFVGRCTEDMTEDELREFFSQYGDVMDVFIPKPFRAFAFVTFADDQIAQSLCGEDLIIKGISVHISNAEPKHNSNRQLERSGRFGGNPGGFGNQGGFGNSRGGGAGLGNNQGSNMGGGMNFGAFSINPAMMAAAQAALQSSWGMMGMLASQQNQSGPSGNNQNQGNMQREPNQAFGSGNNSYSGSNSGAAIGWGSASNAGSGSGFNGGFGSSMDSKSSGWGM	266	414	disprot	idr_pos	experimental	B	1	drllps	28657719	full_length	long	unknown
SMP_a08b148f59baf0c0	O43561	canonical	LAT	Homo sapiens		1	269	MEATAASWQVAVPVLGGASRPLGPRGAASLLRAPLQMEEAILVPCVLGLLLLPILAMLMALCVHCHRLPGSYDSTSSDSLYPRGIQFKRPHTVAPWPPAYPPVTSYPPLSQPDLLPIPRSPQPLGGSHRTPSSRRDSDGANSVASYENEEPACEDADEDEDDYHNPGYLVVLPDSTPATSTAAPSAPALSTPGIRDSAFSMESIDDYVNVPESGESAEASLDGSREYVNVSQELHPGAAKTEPAALSSQEAEEVEEEGAPDYENLQELN	30	233	disprot	idr_pos	experimental	B	1	drllps	27056844	full_length	long	unknown
SMP_8f71c46e31b4d998	P06748	canonical	NPM1	Homo sapiens		1	294	MEDSMDMDMSPLRPQNYLFGCELKADKDYHFKVDNDENEHQLSLRTVSLGAGAKDELHIVEAEAMNYEGSPIKVTLATLKMSVQPTVSLGGFEITPPVVLRLKCGSGPVHISGQHLVAVEEDAESEDEEEEDVKLLSISGKRSAPGGGSKVPQKKVKLAADEDDDDDDEEDDDEDDDDDDFDDEEAEEKAPVKKSIRDTPAKNAQKSNQNGKDSKPSSTPRSKGQESFKKQEKTPKTPKGPSSVEDIKAKMQASIEKGGSLPKVEAKFINYVKNCFRMTDQEAIQDLWQWRKSL	189	259	disprot	idr_pos	experimental	B	1	drllps	26836305	full_length	long	unknown
SMP_8682649cac421cd4	O75683	canonical	SURF6	Homo sapiens		1	361	MASLLAKDAYLQSLAKKICSHSAPEQQARTRAGKTQGSETAGPPKKKRKKTQKKFRKREEKAAEHKAKSLGEKSPAASGARRPEAAKEEAAWASSSAGNPADGLATEPESVFALDVLRQRLHEKIQEARGQGSAKELSPAALEKRRRRKQERDRKKRKRKELRAKEKARKAEEATEAQEVVEATPEGACTEPREPPGLIFNKVEVSEDEPASKAQRRKEKRQRVKGNLTPLTGRNYRQLLERLQARQSRLDELRGQDEGKAQELEAKMKWTNLLYKAEGVKIRDDERLLQEALKRKEKRRAQRQRRWEKRTAGVVEKMQQRQDRRRQNLRRKKAARAERRLLRARKKGRILPQDLERAGLV	1	182	disprot	idr_pos	experimental	B	1	drllps	30981631	full_length	long	unknown
SMP_5ac1268f96bdd591	P05067	canonical	APP	Homo sapiens		1	770	MLPGLALLLLAAWTARALEVPTDGNAGLLAEPQIAMFCGRLNMHMNVQNGKWDSDPSGTKTCIDTKEGILQYCQEVYPELQITNVVEANQPVTIQNWCKRGRKQCKTHPHFVIPYRCLVGEFVSDALLVPDKCKFLHQERMDVCETHLHWHTVAKETCSEKSTNLHDYGMLLPCGIDKFRGVEFVCCPLAEESDNVDSADAEEDDSDVWWGGADTDYADGSEDKVVEVAEEEEVAEVEEEEADDDEDDEDGDEVEEEAEEPYEEATERTTSIATTTTTTTESVEEVVREVCSEQAETGPCRAMISRWYFDVTEGKCAPFFYGGCGGNRNNFDTEEYCMAVCGSAMSQSLLKTTQEPLARDPVKLPTTAASTPDAVDKYLETPGDENEHAHFQKAKERLEAKHRERMSQVMREWEEAERQAKNLPKADKKAVIQHFQEKVESLEQEAANERQQLVETHMARVEAMLNDRRRLALENYITALQAVPPRPRHVFNMLKKYVRAEQKDRQHTLKHFEHVRMVDPKKAAQIRSQVMTHLRVIYERMNQSLSLLYNVPAVAEEIQDEVDELLQKEQNYSDDVLANMISEPRISYGNDALMPSLTETKTTVELLPVNGEFSLDDLQPWHSFGADSVPANTENEVEPVDARPAADRGLTTRPGSGLTNIKTEEISEVKMDAEFRHDSGYEVHHQKLVFFAEDVGSNKGAIIGLMVGGVVIATVIVITLVMLKKKQYTSIHHGVVEVDAAVTPEERHLSKMQQNGYENPTYKFFEQMQN	672	711	disprot	idr_pos	experimental	B	1	drllps	30110628	full_length	long	unknown
SMP_7d6be822794ac0a8	Q14781	canonical	CBX2	Homo sapiens		1	532	MEELSSVGEQVFAAECILSKRLRKGKLEYLVKWRGWSSKHNSWEPEENILDPRLLLAFQKKEHEKEVQNRKRGKRPRGRPRKLTAMSSCSRRSKLKEPDAPSKSKSSSSSSSSTSSSSSSDEEDDSDLDAKRGPRGRETHPVPQKKAQILVAKPELKDPIRKKRGRKPLPPEQKATRRPVSLAKVLKTARKDLGAPASKLPPPLSAPVAGLAALKAHAKEACGGPSAMATPENLASLMKGMASSPGRGGISWQSSIVHYMNRMTQSQAQAASRLALKAQATNKCGLGLDLKVRTQKGELGMSPPGSKIPKAPSGGAVEQKVGNTGGPPHTHGASRVPAGCPGPQPAPTQELSLQVLDLQSVKNGMPGVGLLARHATATKGVPATNPAPGKGTGSGLIGASGATMPTDTSKSEKLASRAVAPPTPASKRDCVKGSATPSGQESRTAPGEARKAATLPEMSAGEESSSSDSDPDSASPPSTGQNPSVSVQTSQDWKPTRSLIEHVFVTDVTANLITVTVKESPTSVGFFNLRHY	1	532	phasepro	idr_pos	experimental	B	1	drllps	30514760	full_length	long	unknown
SMP_6c88aeb739c15da0	P22626	canonical	HNRNPA2B1	Homo sapiens		1	353	MEKTLETVPLERKKREKEQFRKLFIGGLSFETTEESLRNYYEQWGKLTDCVVMRDPASKRSRGFGFVTFSSMAEVDAAMAARPHSIDGRVVEPKRAVAREESGKPGAHVTVKKLFVGGIKEDTEEHHLRDYFEEYGKIDTIEIITDRQSGKKRGFGFVTFDDHDPVDKIVLQKYHTINGHNAEVRKALSRQEMQEVQSSRSGRGGNFGFGDSRGGGGNFGPGPGSNFRGGSDGYGSGRGFGDGYNGYGGGPGGGNFGGSPGYGGGRGGYGGGGPGYGNQGGGYGGGYDNYGGGNYGSGNYNDFGNYNQQPSNYGPMKSGNFGGSRNMGGPYGGGNYGPGGSGGSGGYGGRSRY	190	341	disprot	idr_pos	experimental	B	1	drllps	29961577	full_length	long	unknown
SMP_ae6b2401c072f85d	Q15717	canonical	ELAVL1	Homo sapiens		1	326	MSNGYEDHMAEDCRGDIGRTNLIVNYLPQNMTQDELRSLFSSIGEVESAKLIRDKVAGHSLGYGFVNYVTAKDAERAINTLNGLRLQSKTIKVSYARPSSEVIKDANLYISGLPRTMTQKDVEDMFSRFGRIINSRVLVDQTTGLSRGVAFIRFDKRSEAEEAITSFNGHKPPGSSEPITVKFAANPNQNKNVALLSQLYHSPARRFGGPVHHQAQRFRFSPMGVDHMSGLSGVNVPGNASSGWCIFIYNLGQDADEGILWQMFGPFGAVTNVKVIRDFNTNKCKGFGFVTMTNYEEAAMAIASLNGYRLGDKILQVSFKTNKSHK	1	19	disprot	idr_pos	experimental	B	1	drllps	29728455	full_length	long	unknown
SMP_2af595c6cb1c74ff	P49790	canonical	NUP153	Homo sapiens		1	1506	MASGAGGVGGGGGGKIRTRRCHQGPIKPYQQGRQQHQGILSRVTESVKNIVPGWLQRYFNKNEDVCSCSTDTSEVPRWPENKEDHLVYADEESSNITDGRITPEPAVSNTEEPSTTSTASNYPDVLTRPSLHRSHLNFSMLESPALHCQPSTSSAFPIGSSGFSLVKEIKDSTSQHDDDNISTTSGFSSRASDKDITVSKNTSLPPLWSPEAERSHSLSQHTATSSKKPAFNLSAFGTLSPSLGNSSILKTSQLGDSPFYPGKTTYGGAAAAVRQSKLRNTPYQAPVRRQMKAKQLSAQSYGVTSSTARRILQSLEKMSSPLADAKRIPSIVSSPLNSPLDRSGIDITDFQAKREKVDSQYPPVQRLMTPKPVSIATNRSVYFKPSLTPSGEFRKTNQRIDNKCSTGYEKNMTPGQNREQRESGFSYPNFSLPAANGLSSGVGGGGGKMRRERTRFVASKPLEEERQGLTVLPKLISSSCAQAIIPSWPLKVLRLQEMEVPVLPKISLPITSSSLPTFNFSSPEITTSSPSPINSSQALTNKVQMTSPSSTGSPMFKFSSPIVKSTEANVLPPSSIGFTFSVPVAKTAELSGSSSTLEPIISSSAHHVTTVNSTNCKKTPPEDCEGPFRPAEILKEGSVLDILKSPGFASPKIDSVAAQPTATSPVVYTRPAISSFSSSGIGFGESLKAGSSWQCDTCLLQNKVTDNKCIACQAAKLSPRDTAKQTGIETPNKSGKTTLSASGTGFGDKFKPVIGTWDCDTCLVQNKPEAIKCVACETPKPGTCVKRALTLTVVSESAETMTASSSSCTVTTGTLGFGDKFKRPIGSWECSVCCVSNNAEDNKCVSCMSEKPGSSVPASSSSTVPVSLPSGGSLGLEKFKKPEGSWDCELCLVQNKADSTKCLACESAKPGTKSGFKGFDTSSSSSNSAASSSFKFGVSSSSSGPSQTLTSTGNFKFGDQGGFKIGVSSDSGSINPMSEGFKFSKPIGDFKFGVSSESKPEEVKKDSKNDNFKFGLSSGLSNPVSLTPFQFGVSNLGQEEKKEELPKSSSAGFSFGTGVINSTPAPANTIVTSENKSSFNLGTIETKSASVAPFTCKTSEAKKEEMPATKGGFSFGNVEPASLPSASVFVLGRTEEKQQEPVTSTSLVFGKKADNEEPKCQPVFSFGNSEQTKDENSSKSTFSFSMTKPSEKESEQPAKATFAFGAQTSTTADQGAAKPVFSFLNNSSSSSSTPATSAGGGIFGSSTSSSNPPVATFVFGQSSNPVSSSAFGNTAESSTSQSLLFSQDSKLATTSSTGTAVTPFVFGPGASSNNTTTSGFGFGATTTSSSAGSSFVFGTGPSAPSASPAFGANQTPTFGQSQGASQPNPPGFGSISSSTALFPTGSQPAPPTFGTVSSSSQPPVFGQQPSQSAFGSGTTPNSSSAFQFGSSTTNFNFTNNSPSGVFTFGANSSTPAASAQPSGSGGFPFNQSPAAFTVGSNGKNVFSSSGTSFSGRKIKTAVRRRK	1313	1390	disprot	idr_pos	experimental	B	1	drllps	21961597	full_length	long	unknown
SMP_fb20c9f8e2d7cfe5	P78352	canonical	DLG4	Homo sapiens		1	767	MSQRPRAPRSALWLLAPPLLRWAPPLLTVLHSDLFQALLDILDYYEASLSESQKYRYQDEDTPPLEHSPAHLPNQANSPPVIVNTDTLEAPGYELQVNGTEGEMEYEEITLERGNSGLGFSIAGGTDNPHIGDDPSIFITKIIPGGAAAQDGRLRVNDSILFVNEVDVREVTHSAAVEALKEAGSIVRLYVMRRKPPAEKVMEIKLIKGPKGLGFSIAGGVGNQHIPGDNSIYVTKIIEGGAAHKDGRLQIGDKILAVNSVGLEDVMHEDAVAALKNTYDVVYLKVAKPSNAYLSDSYAPPDITTSYSQHLDNEISHSSYLGTDYPTAMTPTSPRRYSPVAKDLLGEEDIPREPRRIVIHRGSTGLGFNIVGGEDGEGIFISFILAGGPADLSGELRKGDQILSVNGVDLRNASHEQAAIALKNAGQTVTIIAQYKPEEYSRFEAKIHDLREQLMNSSLGSGTASLRSNPKRGFYIRALFDYDKTKDCGFLSQALSFRFGDVLHVIDASDEEWWQARRVHSDSETDDIGFIPSKRRVERREWSRLKAKDWGSSSGSQGREDSVLSYETVTQMEVHYARPIIILGPTKDRANDDLLSEFPDKFGSCVPHTTRPKREYEIDGRDYHFVSSREKMEKDIQAHKFIEAGQYNSHLYGTSVQSVREVAEQGKHCILDVSANAVRRLQAAHLHPIAIFIRPRSLENVLEINKRITEEQARKAFDRATKLEQEFTECFSAIVEGDSFEEIYHKVKRVIEDLSGPYIWVPARERL	1	71	disprot	idr_pos	experimental	B	1	drllps	27565345	full_length	long	unknown
SMP_720dfd73503498ae	P31483	canonical	TIA1	Homo sapiens		1	386	MEDEMPKTLYVGNLSRDVTEALILQLFSQIGPCKNCKMIMDTAGNDPYCFVEFHEHRHAAAALAAMNGRKIMGKEVKVNWATTPSSQKKDTSSSTVVSTQRSQDHFHVFVGDLSPEITTEDIKAAFAPFGRISDARVVKDMATGKSKGYGFVSFFNKWDAENAIQQMGGQWLGGRQIRTNWATRKPPAPKSTYESNTKQLSYDEVVNQSSPSNCTVYCGGVTSGLTEQLMRQTFSPFGQIMEIRVFPDKGYSFVRFNSHESAAHAIVSVNGTTIEGHVVKCYWGKETLDMINPVQQQNQIGYPQPYGQWGQWYGNAQQIGQYMPNGWQVPAYGMYGQAWNQQGFNQTQSSAPWMGPNYGVQPPQGQNGSMLPNQPSGYRVAGYETQ	1	386	phasepro	idr_pos	experimental	B	1	drllps	28657719	full_length	long	unknown
SMP_23ef32fcc70e03ef	P24928	canonical	POLR2A	Homo sapiens		1	1970	MHGGGPPSGDSACPLRTIKRVQFGVLSPDELKRMSVTEGGIKYPETTEGGRPKLGGLMDPRQGVIERTGRCQTCAGNMTECPGHFGHIELAKPVFHVGFLVKTMKVLRCVCFFCSKLLVDSNNPKIKDILAKSKGQPKKRLTHVYDLCKGKNICEGGEEMDNKFGVEQPEGDEDLTKEKGHGGCGRYQPRIRRSGLELYAEWKHVNEDSQEKKILLSPERVHEIFKRISDEECFVLGMEPRYARPEWMIVTVLPVPPLSVRPAVVMQGSARNQDDLTHKLADIVKINNQLRRNEQNGAAAHVIAEDVKLLQFHVATMVDNELPGLPRAMQKSGRPLKSLKQRLKGKEGRVRGNLMGKRVDFSARTVITPDPNLSIDQVGVPRSIAANMTFAEIVTPFNIDRLQELVRRGNSQYPGAKYIIRDNGDRIDLRFHPKPSDLHLQTGYKVERHMCDGDIVIFNRQPTLHKMSMMGHRVRILPWSTFRLNLSVTTPYNADFDGDEMNLHLPQSLETRAEIQELAMVPRMIVTPQSNRPVMGIVQDTLTAVRKFTKRDVFLERGEVMNLLMFLSTWDGKVPQPAILKPRPLWTGKQIFSLIIPGHINCIRTHSTHPDDEDSGPYKHISPGDTKVVVENGELIMGILCKKSLGTSAGSLVHISYLEMGHDITRLFYSNIQTVINNWLLIEGHTIGIGDSIADSKTYQDIQNTIKKAKQDVIEVIEKAHNNELEPTPGNTLRQTFENQVNRILNDARDKTGSSAQKSLSEYNNFKSMVVSGAKGSKINISQVIAVVGQQNVEGKRIPFGFKHRTLPHFIKDDYGPESRGFVENSYLAGLTPTEFFFHAMGGREGLIDTAVKTAETGYIQRRLIKSMESVMVKYDATVRNSINQVVQLRYGEDGLAGESVEFQNLATLKPSNKAFEKKFRFDYTNERALRRTLQEDLVKDVLSNAHIQNELEREFERMREDREVLRVIFPTGDSKVVLPCNLLRMIWNAQKIFHINPRLPSDLHPIKVVEGVKELSKKLVIVNGDDPLSRQAQENATLLFNIHLRSTLCSRRMAEEFRLSGEAFDWLLGEIESKFNQAIAHPGEMVGALAAQSLGEPATQMTLNTFHYAGVSAKNVTLGVPRLKELINISKKPKTPSLTVFLLGQSARDAERAKDILCRLEHTTLRKVTANTAIYYDPNPQSTVVAEDQEWVNVYYEMPDFDVARISPWLLRVELDRKHMTDRKLTMEQIAEKINAGFGDDLNCIFNDDNAEKLVLRIRIMNSDENKMQEEEEVVDKMDDDVFLRCIESNMLTDMTLQGIEQISKVYMHLPQTDNKKKIIITEDGEFKALQEWILETDGVSLMRVLSEKDVDPVRTTSNDIVEIFTVLGIEAVRKALERELYHVISFDGSYVNYRHLALLCDTMTCRGHLMAITRHGVNRQDTGPLMKCSFEETVDVLMEAAAHGESDPMKGVSENIMLGQLAPAGTGCFDLLLDAEKCKYGMEIPTNIPGLGAAGPTGMFFGSAPSPMGGISPAMTPWNQGATPAYGAWSPSVGSGMTPGAAGFSPSAASDASGFSPGYSPAWSPTPGSPGSPGPSSPYIPSPGGAMSPSYSPTSPAYEPRSPGGYTPQSPSYSPTSPSYSPTSPSYSPTSPNYSPTSPSYSPTSPSYSPTSPSYSPTSPSYSPTSPSYSPTSPSYSPTSPSYSPTSPSYSPTSPSYSPTSPSYSPTSPSYSPTSPSYSPTSPSYSPTSPSYSPTSPSYSPTSPNYSPTSPNYTPTSPSYSPTSPSYSPTSPNYTPTSPNYSPTSPSYSPTSPSYSPTSPSYSPSSPRYTPQSPTYTPSSPSYSPSSPSYSPTSPKYTPTSPSYSPSSPEYTPTSPKYSPTSPKYSPTSPKYSPTSPTYSPTTPKYSPTSPTYSPTSPVYTPTSPKYSPTSPTYSPTSPKYSPTSPTYSPTSPKGSTYSPTSPGYSPTSPTYSLTSPAISPDDSDEEN	1773	1970	disprot	idr_pos	experimental	B	1	drllps	26455390	full_length	long	unknown
SMP_17f32850151bc71d	Q9UER7	canonical	DAXX	Homo sapiens		1	740	MATANSIIVLDDDDEDEAAAQPGPSHPLPNAASPGAEAPSSSEPHGARGSSSSGGKKCYKLENEKLFEEFLELCKMQTADHPEVVPFLYNRQQRAHSLFLASAEFCNILSRVLSRARSRPAKLYVYINELCTVLKAHSAKKKLNLAPAATTSNEPSGNNPPTHLSLDPTNAENTASQSPRTRGSRRQIQRLEQLLALYVAEIRRLQEKELDLSELDDPDSAYLQEARLKRKLIRLFGRLCELKDCSSLTGRVIEQRIPYRGTRYPEVNRRIERLINKPGPDTFPDYGDVLRAVEKAAARHSLGLPRQQLQLMAQDAFRDVGIRLQERRHLDLIYNFGCHLTDDYRPGVDPALSDPVLARRLRENRSLAMSRLDEVISKYAMLQDKSEEGERKKRRARLQGTSSHSADTPEASLDSGEGPSGMASQGCPSASRAETDDEDDEESDEEEEEEEEEEEEEATDSEEEEDLEQMQEGQEDDEEEDEEEEAAAGKDGDKSPMSSLQISNEKNLEPGKQISRSSGEQQNKGRIVSPSLLSEEPLAPSSIDAESNGEQPEELTLEEESPVSQLFELEIEALPLDTPSSVETDISSSRKQSEEPFTTVLENGAGMVSSTSFNGGVSPHNWGDSGPPCKKSRKEKKQTGSGPLGNSYVERQRSVHEKNGKKICTLPSPPSPLASLAPVADSSTRVDSPSHGLVTSSLCIPSPARLSQTPHSQPPRPGTCKTSVATQCDPEEIIVLSDSD	347	420	disprot	idr_pos	experimental	B	1	drllps	30244836	full_length	long	unknown
SMP_7093ff2e858909ce	Q14011	canonical	CIRBP	Homo sapiens		1	297	MASDEGKLFVGGLSFDTNEQSLEQVFSKYGQISEVVVVKDRETQRSRGFGFVTFENIDDAKDAMMAMNGKSVDGRQIRVDQAGKSSDNRSRGYRGGSAGGRGFFRGGRGRGRGFSRGGGDRGYGGNRFESRSGGYGGSRDYYSSRSQSGGYSDRSSGGSYRDSYDSYGKSHSEGATLLWPAVGARFTLVPSPSTLGWTLRPCHCACPEEAHLSSQSHFYRRTQKPNETDQKGKGERGPAGQSARCMCGRRPASLGCGGWLLPGRRPRPGLASGVKLPLVASVPLHCACFLSSATHNE	90	172	disprot	idr_pos	experimental	B	1	drllps	22579281	full_length	long	unknown
SMP_fabac72cde163373	Q13501	canonical	SQSTM1	Homo sapiens		1	440	MASLTVKAYLLGKEDAAREIRRFSFCCSPEPEAEAEAAAGPGPCERLLSRVAALFPALRPGGFQAHYRDEDGDLVAFSSDEELTMAMSYVKDDIFRIYIKEKKECRRDHRPPCAQEAPRNMVHPNVICDGCNGPVVGTRYKCSVCPDYDLCSVCEGKGLHRGHTKLAFPSPFGHLSEGFSHSRWLRKVKHGHFGWPGWEMGPPGNWSPRPPRAGEARPGPTAESASGPSEDPSVNFLKNVGESVAAALSPLGIEVDIDVEHGGKRSRLTPVSPESSSTEEKSSSQPSSCCSDPSKPGGNVEGATQSLAEQMRKIALESEGRPEEQMESDNCSGGDDDWTHLSSKEVDPSTGELQSLQMPESEGPSSLDPSQEGPTGLKEAALYPHLPPEADPRLIESLSQMLSMGFSDEGGWLTRLLQTKNYDIGAALDTIQYSKHPPPL	341	386	disprot	idr_pos	experimental	B	1	drllps	29507397	full_length	long	unknown
SMP_2217c898bc652e56	Q9UPQ9	canonical	TNRC6B	Homo sapiens		1	1833	MREKEQEREEQLMEDKKRKKEDKKKKEATQKVTEQKTKVPEVTKPSLSQPTAASPIGSSPSPPVNGGNNAKRVAVPNGQPPSAARYMPREVPPRFRCQQDHKVLLKRGQPPPPSCMLLGGGAGPPPCTAPGANPNNAQVTGALLQSESGTAPDSTLGGAAASNYANSTWGSGASSNNGTSPNPIHIWDKVIVDGSDMEEWPCIASKDTESSSENTTDNNSASNPGSEKSTLPGSTTSNKGKGSQCQSASSGNECNLGVWKSDPKAKSVQSSNSTTENNNGLGNWRNVSGQDRIGPGSGFSNFNPNSNPSAWPALVQEGTSRKGALETDNSNSSAQVSTVGQTSREQQSKMENAGVNFVVSGREQAQIHNTDGPKNGNTNSLNLSSPNPMENKGMPFGMGLGNTSRSTDAPSQSTGDRKTGSVGSWGAARGPSGTDTVSGQSNSGNNGNNGKEREDSWKGASVQKSTGSKNDSWDNNNRSTGGSWNFGPQDSNDNKWGEGNKMTSGVSQGEWKQPTGSDELKIGEWSGPNQPNSSTGAWDNQKGHPLPENQGNAQAPCWGRSSSSTGSEVGGQSTGSNHKAGSSDSHNSGRRSYRPTHPDCQAVLQTLLSRTDLDPRVLSNTGWGQTQIKQDTVWDIEEVPRPEGKSDKGTEGWESAATQTKNSGGWGDAPSQSNQMKSGWGELSASTEWKDPKNTGGWNDYKNNNSSNWGGGRPDEKTPSSWNENPSKDQGWGGGRQPNQGWSSGKNGWGEEVDQTKNSNWESSASKPVSGWGEGGQNEIGTWGNGGNASLASKGGWEDCKRSPAWNETGRQPNSWNKQHQQQQPPQQPPPPQPEASGSWGGPPPPPPGNVRPSNSSWSSGPQPATPKDEEPSGWEEPSPQSISRKMDIDDGTSAWGDPNSYNYKNVNLWDKNSQGGPAPREPNLPTPMTSKSASVWSKSTPPAPDNGTSAWGEPNESSPGWGEMDDTGASTTGWGNTPANAPNAMKPNSKSMQDGWGESDGPVTGARHPSWEEEEDGGVWNTTGSQGSASSHNSASWGQGGKKQMKCSLKGGNNDSWMNPLAKQFSNMGLLSQTEDNPSSKMDLSVGSLSDKKFDVDKRAMNLGDFNDIMRKDRSGFRPPNSKDMGTTDSGPYFEKLTLPFSNQDGCLGDEAPCSPFSPSPSYKLSPSGSTLPNVSLGAIGTGLNPQNFAARQGGSHGLFGNSTAQSRGLHTPVQPLNSSPSLRAQVPPQFISPQVSASMLKQFPNSGLSPGLFNVGPQLSPQQIAMLSQLPQIPQFQLACQLLLQQQQQQQLLQNQRKISQAVRQQQEQQLARMVSALQQQQQQQQRQPGMKHSPSHPVGPKPHLDNMVPNALNVGLPDLQTKGPIPGYGSGFSSGGMDYGMVGGKEAGTESRFKQWTSMMEGLPSVATQEANMHKNGAIVAPGKTRGGSPYNQFDIIPGDTLGGHTGPAGDSWLPAKSPPTNKIGSKSSNASWPPEFQPGVPWKGIQNIDPESDPYVTPGSVLGGTATSPIVDTDHQLLRDNTTGSNSSLNTSLPSPGAWPYSASDNSFTNVHSTSAKFPDYKSTWSPDPIGHNPTHLSNKMWKNHISSRNTTPLPRPPPGLTNPKPSSPWSSTAPRSVRGWGTQDSRLASASTWSDGGSVRPSYWLVLHNLTPQIDGSTLRTICMQHGPLLTFHLNLTQGTALIRYSTKQEAAKAQTALHMCVLGNTTILAEFATDDEVSRFLAQAQPPTPAATPSAPAAGWQSLETGQNQSDPVGPALNLFGGSTGLGQWSSSAGGSSGADLAGASLWGPPNYSSSLWGVPTVEDPHRMGSPAPLLPGDLLGGGSDSI	437	1056	phasepro	idr_pos	experimental	B	1	drllps	29576456	full_length	long	unknown
SMP_8674db626d3c0a74	Q9NQI0	canonical	DDX4	Homo sapiens		1	724	MGDEDWEAEINPHMSSYVPIFEKDRYSGENGDNFNRTPASSSEMDDGPSRRDHFMKSGFASGRNFGNRDAGECNKRDNTSTMGGFGVGKSFGNRGFSNSRFEDGDSSGFWRESSNDCEDNPTRNRGFSKRGGYRDGNNSEASGPYRRGGRGSFRGCRGGFGLGSPNNDLDPDECMQRTGGLFGSRRPVLSGTGNGDTSQSRSGSGSERGGYKGLNEEVITGSGKNSWKSEAEGGESSDTQGPKVTYIPPPPPEDEDSIFAHYQTGINFDKYDTILVEVSGHDAPPAILTFEEANLCQTLNNNIAKAGYTKLTPVQKYSIPIILAGRDLMACAQTGSGKTAAFLLPILAHMMHDGITASRFKELQEPECIIVAPTRELVNQIYLEARKFSFGTCVRAVVIYGGTQLGHSIRQIVQGCNILCATPGRLMDIIGKEKIGLKQIKYLVLDEADRMLDMGFGPEMKKLISCPGMPSKEQRQTLMFSATFPEEIQRLAAEFLKSNYLFVAVGQVGGACRDVQQTVLQVGQFSKREKLVEILRNIGDERTMVFVETKKKADFIATFLCQEKISTTSIHGDREQREREQALGDFRFGKCPVLVATSVAARGLDIENVQHVINFDLPSTIDEYVHRIGRTGRCGNTGRAISFFDLESDNHLAQPLVKVLTDAQQDVPAWLEEIAFSTYIPGFSGSTRGNVFASVDTRKGKSTLNTAGFSSSQAPNPVDDESWD	1	236	disprot	idr_pos	experimental	B	1	drllps	25747659	full_length	long	unknown
